Number,first_name,last_name,email,Class
1,Kaitlin,Burchess,kburchess0@wunderground.com,F
2,Ring,Riley,rriley1@imgur.com,M
3,Kareem,Kimpton,kkimpton2@nsw.gov.au,MV50
4,Rikki,Redshaw,rredshaw3@mayoclinic.com,M
5,Aline,Hemmingway,ahemmingway4@facebook.com,F
6,Cindie,Webster,cwebster5@amazon.co.uk,F
7,Kathleen,De Fries,kdefries6@nydailynews.com,F
8,Natalie,Lindstrom,nlindstrom7@gizmodo.com,F
9,Betta,Ginger,bginger8@ustream.tv,F
10,Etan,Conelly,econelly9@stanford.edu,M
11,Abraham,Kenset,akenseta@hubpages.com,MV40
12,Dion,Vidloc,dvidlocb@drupal.org,MV40
13,Joshua,Darte,jdartec@sakura.ne.jp,M
14,Bernadina,Lugden,blugdend@posterous.com,FV40
15,Ianthe,Terne,iternee@howstuffworks.com,F
16,Patton,Dewfall,pdewfallf@photobucket.com,M
17,Gilbertina,Valerio,gvaleriog@php.net,F
18,Raimundo,Josef,rjosefh@usda.gov,MV60
19,Thibaud,Stubley,tstubleyi@google.co.uk,M
20,Elwira,Abella,eabellaj@seesaa.net,F
21,Janaya,Salliss,jsallissk@quantcast.com,FV70
22,Valaria,Cheatle,vcheatlel@technorati.com,F
23,Terese,Boam,tboamm@sina.com.cn,FV50
24,Reina,Rounsefull,rrounsefulln@census.gov,F
25,Hildagard,Bowsher,hbowshero@storify.com,F
